Сотовый телефон Xiaomi 12 12/256GB серый,"50360 сом
-5%

47740 сом",
Сотовый телефон Xiaomi Redmi Note 11 Pro 4G 6/64GB серый,"18630 сом
-1%

18370 сом",
Сотовый телефон Xiaomi Redmi Note 10S 6/128GB черный,"15170 сом
-2%

14910 сом",
Сотовый телефон Xiaomi Poco X4 GT 5G 8/128GB голубой,26530 сом,
Сотовый телефон Samsung A04e 3/64GB черный,9940 сом,
Сотовый телефон Samsung A04e 3/64GB голубой,9940 сом,
Сотовый телефон Samsung A04e 3/64GB медный,9940 сом,
Сотовый телефон Xiaomi Poco M5 4/128GB желтый,13500 сом,
Сотовый телефон Xiaomi Poco M5 4/128GB зеленый,13500 сом,
Сотовый телефон Samsung A04e 3/32GB черный,9060 сом,
Сотовый телефон Samsung Galaxy A04s 4/64GB черный,11660 сом,
Сотовый телефон Samsung Galaxy A04s 4/64GB белый,11660 сом,
Сотовый телефон Samsung Galaxy A04s 4/64GB зеленый,11660 сом,
Сотовый телефон Samsung Galaxy A04s 4/64GB медный,11660 сом,
Сотовый телефон Xiaomi Redmi Note 10S 6/64GB черный,"14230 сом
-2%

13950 сом",
Сотовый телефон Xiaomi Redmi Note 11S 5G 6/128GB черный,19800 сом,
Сотовый телефон Samsung Galaxy A03 4/64GB черный,"11390 сом
-11%

10110 сом",
Сотовый телефон Xiaomi Redmi 9A 2/32GB серый гранит,"7730 сом
-2%

7540 сом",
Сотовый телефон Xiaomi Poco M5 4/64GB черный,12330 сом,
Сотовый телефон Xiaomi Redmi Note 10 Pro 6/128GB серый,18010 сом,
Сотовый телефон Xiaomi 12 12/256GB серый,"50360 сом
-5%

47740 сом",
Сотовый телефон Xiaomi Redmi Note 11 Pro 4G 6/64GB серый,"18630 сом
-1%

18370 сом",
Сотовый телефон Xiaomi Redmi Note 10S 6/128GB черный,"15170 сом
-2%

14910 сом",
Сотовый телефон Xiaomi Poco X4 GT 5G 8/128GB голубой,26530 сом,
Сотовый телефон Samsung A04e 3/64GB черный,9940 сом,
Сотовый телефон Samsung A04e 3/64GB голубой,9940 сом,
Сотовый телефон Samsung A04e 3/64GB медный,9940 сом,
Сотовый телефон Xiaomi Poco M5 4/128GB желтый,13500 сом,
Сотовый телефон Xiaomi Poco M5 4/128GB зеленый,13500 сом,
Сотовый телефон Samsung A04e 3/32GB черный,9060 сом,
Сотовый телефон Samsung Galaxy A04s 4/64GB черный,11660 сом,
Сотовый телефон Samsung Galaxy A04s 4/64GB белый,11660 сом,
Сотовый телефон Samsung Galaxy A04s 4/64GB зеленый,11660 сом,
Сотовый телефон Samsung Galaxy A04s 4/64GB медный,11660 сом,
Сотовый телефон Xiaomi Redmi Note 10S 6/64GB черный,"14230 сом
-2%

13950 сом",
Сотовый телефон Xiaomi Redmi Note 11S 5G 6/128GB черный,19800 сом,
Сотовый телефон Samsung Galaxy A03 4/64GB черный,"11390 сом
-11%

10110 сом",
Сотовый телефон Xiaomi Redmi 9A 2/32GB серый гранит,"7730 сом
-2%

7540 сом",
Сотовый телефон Xiaomi Poco M5 4/64GB черный,12330 сом,
Сотовый телефон Xiaomi Redmi Note 10 Pro 6/128GB серый,18010 сом,
Сотовый телефон Xiaomi 12 12/256GB серый,"50360 сом
-5%

47740 сом",
Сотовый телефон Xiaomi Redmi Note 11 Pro 4G 6/64GB серый,"18630 сом
-1%

18370 сом",
Сотовый телефон Xiaomi Redmi Note 10S 6/128GB черный,"15170 сом
-2%

14910 сом",
Сотовый телефон Xiaomi Poco X4 GT 5G 8/128GB голубой,26530 сом,
Сотовый телефон Samsung A04e 3/64GB черный,9940 сом,
Сотовый телефон Samsung A04e 3/64GB голубой,9940 сом,
Сотовый телефон Samsung A04e 3/64GB медный,9940 сом,
Сотовый телефон Xiaomi Poco M5 4/128GB желтый,13500 сом,
Сотовый телефон Xiaomi Poco M5 4/128GB зеленый,13500 сом,
Сотовый телефон Samsung A04e 3/32GB черный,9060 сом,
Сотовый телефон Samsung Galaxy A04s 4/64GB черный,11660 сом,
Сотовый телефон Samsung Galaxy A04s 4/64GB белый,11660 сом,
Сотовый телефон Samsung Galaxy A04s 4/64GB зеленый,11660 сом,
Сотовый телефон Samsung Galaxy A04s 4/64GB медный,11660 сом,
Сотовый телефон Xiaomi Redmi Note 10S 6/64GB черный,"14230 сом
-2%

13950 сом",
Сотовый телефон Xiaomi Redmi Note 11S 5G 6/128GB черный,19800 сом,
Сотовый телефон Samsung Galaxy A03 4/64GB черный,"11390 сом
-11%

10110 сом",
Сотовый телефон Xiaomi Redmi 9A 2/32GB серый гранит,"7730 сом
-2%

7540 сом",
Сотовый телефон Xiaomi Poco M5 4/64GB черный,12330 сом,
Сотовый телефон Xiaomi Redmi Note 10 Pro 6/128GB серый,18010 сом,
Сотовый телефон Xiaomi 12 12/256GB серый,"50360 сом
-5%

47740 сом",
Сотовый телефон Xiaomi Redmi Note 11 Pro 4G 6/64GB серый,"18630 сом
-1%

18370 сом",
Сотовый телефон Xiaomi Redmi Note 10S 6/128GB черный,"15170 сом
-2%

14910 сом",
Сотовый телефон Xiaomi Poco X4 GT 5G 8/128GB голубой,26530 сом,
Сотовый телефон Samsung A04e 3/64GB черный,9940 сом,
Сотовый телефон Samsung A04e 3/64GB голубой,9940 сом,
Сотовый телефон Samsung A04e 3/64GB медный,9940 сом,
Сотовый телефон Xiaomi Poco M5 4/128GB желтый,13500 сом,
Сотовый телефон Xiaomi Poco M5 4/128GB зеленый,13500 сом,
Сотовый телефон Samsung A04e 3/32GB черный,9060 сом,
Сотовый телефон Samsung Galaxy A04s 4/64GB черный,11660 сом,
Сотовый телефон Samsung Galaxy A04s 4/64GB белый,11660 сом,
Сотовый телефон Samsung Galaxy A04s 4/64GB зеленый,11660 сом,
Сотовый телефон Samsung Galaxy A04s 4/64GB медный,11660 сом,
Сотовый телефон Xiaomi Redmi Note 10S 6/64GB черный,"14230 сом
-2%

13950 сом",
Сотовый телефон Xiaomi Redmi Note 11S 5G 6/128GB черный,19800 сом,
Сотовый телефон Samsung Galaxy A03 4/64GB черный,"11390 сом
-11%

10110 сом",
Сотовый телефон Xiaomi Redmi 9A 2/32GB серый гранит,"7730 сом
-2%

7540 сом",
Сотовый телефон Xiaomi Poco M5 4/64GB черный,12330 сом,
Сотовый телефон Xiaomi Redmi Note 10 Pro 6/128GB серый,18010 сом,
Сотовый телефон Xiaomi 12 12/256GB серый,"50360 сом
-5%

47740 сом",/images/product/105229/1649419306_24235400.jpg
Сотовый телефон Xiaomi Redmi Note 11 Pro 4G 6/64GB серый,"18630 сом
-1%

18370 сом",/images/product/105234/1649421144_46769300.jpg
Сотовый телефон Xiaomi Redmi Note 10S 6/128GB черный,"15170 сом
-2%

14910 сом",/images/product/93209/1622210076_99878100.jpg
Сотовый телефон Xiaomi Poco X4 GT 5G 8/128GB голубой,26530 сом,/images/product/114506/1669627205_22550400.jpg
Сотовый телефон Samsung A04e 3/64GB черный,9940 сом,/images/product/115276/1671509712_46128700.jpg
Сотовый телефон Samsung A04e 3/64GB голубой,9940 сом,/images/product/115277/1671509715_27486800.jpg
Сотовый телефон Samsung A04e 3/64GB медный,9940 сом,/images/product/115278/1671509720_02356400.jpg
Сотовый телефон Xiaomi Poco M5 4/128GB желтый,13500 сом,/images/product/115279/1671510549_41357400.jpg
Сотовый телефон Xiaomi Poco M5 4/128GB зеленый,13500 сом,/images/product/115280/1671510552_67112300.jpg
Сотовый телефон Samsung A04e 3/32GB черный,9060 сом,/images/product/115281/1671517415_62744800.jpg
Сотовый телефон Samsung Galaxy A04s 4/64GB черный,11660 сом,/images/product/112987/1667078708_09449600.jpg
Сотовый телефон Samsung Galaxy A04s 4/64GB белый,11660 сом,/images/product/112988/1667078711_58657400.jpg
Сотовый телефон Samsung Galaxy A04s 4/64GB зеленый,11660 сом,/images/product/112989/1667078714_93759800.jpg
Сотовый телефон Samsung Galaxy A04s 4/64GB медный,11660 сом,/images/product/112990/1667078719_97190500.jpg
Сотовый телефон Xiaomi Redmi Note 10S 6/64GB черный,"14230 сом
-2%

13950 сом",/images/product/93290/1622501264_72553400.jpg
Сотовый телефон Xiaomi Redmi Note 11S 5G 6/128GB черный,19800 сом,/images/product/113772/1668356813_17959500.png
Сотовый телефон Samsung Galaxy A03 4/64GB черный,"11390 сом
-11%

10110 сом",/images/product/104319/1647473798_95365200.jpg
Сотовый телефон Xiaomi Redmi 9A 2/32GB серый гранит,"7730 сом
-2%

7540 сом",/images/product/81820/1595752437_69165100.jpg
Сотовый телефон Xiaomi Poco M5 4/64GB черный,12330 сом,/images/product/113315/1667740770_40977600.jpg
Сотовый телефон Xiaomi Redmi Note 10 Pro 6/128GB серый,18010 сом,/images/product/91054/1667280142_09322500.jpg
Сотовый телефон Xiaomi 12 12/256GB серый,"50360 сом
-5%

47740 сом",/images/product/105229/1649419306_24235400.jpg
Сотовый телефон Xiaomi Redmi Note 11 Pro 4G 6/64GB серый,"18630 сом
-1%

18370 сом",/images/product/105234/1649421144_46769300.jpg
Сотовый телефон Xiaomi Redmi Note 10S 6/128GB черный,"15170 сом
-2%

14910 сом",/images/product/93209/1622210076_99878100.jpg
Сотовый телефон Xiaomi Poco X4 GT 5G 8/128GB голубой,26530 сом,/images/product/114506/1669627205_22550400.jpg
Сотовый телефон Samsung A04e 3/64GB черный,9940 сом,/images/product/115276/1671509712_46128700.jpg
Сотовый телефон Samsung A04e 3/64GB голубой,9940 сом,/images/product/115277/1671509715_27486800.jpg
Сотовый телефон Samsung A04e 3/64GB медный,9940 сом,/images/product/115278/1671509720_02356400.jpg
Сотовый телефон Xiaomi Poco M5 4/128GB желтый,13500 сом,/images/product/115279/1671510549_41357400.jpg
Сотовый телефон Xiaomi Poco M5 4/128GB зеленый,13500 сом,/images/product/115280/1671510552_67112300.jpg
Сотовый телефон Samsung A04e 3/32GB черный,9060 сом,/images/product/115281/1671517415_62744800.jpg
Сотовый телефон Samsung Galaxy A04s 4/64GB черный,11660 сом,/images/product/112987/1667078708_09449600.jpg
Сотовый телефон Samsung Galaxy A04s 4/64GB белый,11660 сом,/images/product/112988/1667078711_58657400.jpg
Сотовый телефон Samsung Galaxy A04s 4/64GB зеленый,11660 сом,/images/product/112989/1667078714_93759800.jpg
Сотовый телефон Samsung Galaxy A04s 4/64GB медный,11660 сом,/images/product/112990/1667078719_97190500.jpg
Сотовый телефон Xiaomi Redmi Note 10S 6/64GB черный,"14230 сом
-2%

13950 сом",/images/product/93290/1622501264_72553400.jpg
Сотовый телефон Xiaomi Redmi Note 11S 5G 6/128GB черный,19800 сом,/images/product/113772/1668356813_17959500.png
Сотовый телефон Samsung Galaxy A03 4/64GB черный,"11390 сом
-11%

10110 сом",/images/product/104319/1647473798_95365200.jpg
Сотовый телефон Xiaomi Redmi 9A 2/32GB серый гранит,"7730 сом
-2%

7540 сом",/images/product/81820/1595752437_69165100.jpg
Сотовый телефон Xiaomi Poco M5 4/64GB черный,12330 сом,/images/product/113315/1667740770_40977600.jpg
Сотовый телефон Xiaomi Redmi Note 10 Pro 6/128GB серый,18010 сом,/images/product/91054/1667280142_09322500.jpg
Сотовый телефон Xiaomi 12 12/256GB серый,"50360 сом
-5%

47740 сом",/product/view/sotovyy-telefon-xiaomi-12-12-256gb-seryy
Сотовый телефон Xiaomi Redmi Note 11 Pro 4G 6/64GB серый,"18630 сом
-1%

18370 сом",/product/view/sotovyy-telefon-xiaomi-redmi-note-11-pro-4g-6-64gb-seryy
Сотовый телефон Xiaomi Redmi Note 10S 6/128GB черный,"15170 сом
-2%

14910 сом",/product/view/sotovyy-telefon-xiaomi-redmi-note-10s-6-128gb-chernyy
Сотовый телефон Xiaomi Poco X4 GT 5G 8/128GB голубой,26530 сом,/product/view/sotovyy-telefon-xiaomi-poco-x4-gt-5g-8-128gb-goluboy
Сотовый телефон Samsung A04e 3/64GB черный,9940 сом,/product/view/sotovyy-telefon-samsung-a04e-3-64gb-chernyy
Сотовый телефон Samsung A04e 3/64GB голубой,9940 сом,/product/view/sotovyy-telefon-samsung-a04e-3-64gb-goluboy
Сотовый телефон Samsung A04e 3/64GB медный,9940 сом,/product/view/sotovyy-telefon-samsung-a04e-3-64gb-mednyy
Сотовый телефон Xiaomi Poco M5 4/128GB желтый,13500 сом,/product/view/sotovyy-telefon-xiaomi-poco-m5-4-128gb-zheltyy
Сотовый телефон Xiaomi Poco M5 4/128GB зеленый,13500 сом,/product/view/sotovyy-telefon-xiaomi-poco-m5-4-128gb-zelenyy
Сотовый телефон Samsung A04e 3/32GB черный,9060 сом,/product/view/sotovyy-telefon-samsung-a04e-3-32gb-chernyy
Сотовый телефон Samsung Galaxy A04s 4/64GB черный,11660 сом,/product/view/sotovyy-telefon-samsung-galaxy-a04s-4-64gb-chernyy
Сотовый телефон Samsung Galaxy A04s 4/64GB белый,11660 сом,/product/view/sotovyy-telefon-samsung-galaxy-a04s-4-64gb-belyy
Сотовый телефон Samsung Galaxy A04s 4/64GB зеленый,11660 сом,/product/view/sotovyy-telefon-samsung-galaxy-a04s-4-64gb-zelenyy
Сотовый телефон Samsung Galaxy A04s 4/64GB медный,11660 сом,/product/view/sotovyy-telefon-samsung-galaxy-a04s-4-64gb-mednyy
Сотовый телефон Xiaomi Redmi Note 10S 6/64GB черный,"14230 сом
-2%

13950 сом",/product/view/sotovyy-telefon-xiaomi-redmi-note-10s-6-64gb-chernyy
Сотовый телефон Xiaomi Redmi Note 11S 5G 6/128GB черный,19800 сом,/product/view/sotovyy-telefon-xiaomi-redmi-note-11s-5g-6-128gb-chernyy
Сотовый телефон Samsung Galaxy A03 4/64GB черный,"11390 сом
-11%

10110 сом",/product/view/sotovyy-telefon-samsung-galaxy-a03-4-64gb-chernyy
Сотовый телефон Xiaomi Redmi 9A 2/32GB серый гранит,"7730 сом
-2%

7540 сом",/product/view/sotovyy-telefon-xiaomi-redmi-9a-2-32gb-seryy-granit
Сотовый телефон Xiaomi Poco M5 4/64GB черный,12330 сом,/product/view/sotovyy-telefon-xiaomi-poco-m5-4-64gb-chernyy
Сотовый телефон Xiaomi Redmi Note 10 Pro 6/128GB серый,18010 сом,/product/view/sotovyy-telefon-xiaomi-redmi-note-10-pro-6-128gb-seryy
Сотовый телефон Xiaomi 12 12/256GB серый,"50360 сом
-5%

47740 сом",/product/view/sotovyy-telefon-xiaomi-12-12-256gb-seryy
Сотовый телефон Xiaomi Redmi Note 11 Pro 4G 6/64GB серый,"18630 сом
-1%

18370 сом",/product/view/sotovyy-telefon-xiaomi-redmi-note-11-pro-4g-6-64gb-seryy
Сотовый телефон Xiaomi Redmi Note 10S 6/128GB черный,"15170 сом
-2%

14910 сом",/product/view/sotovyy-telefon-xiaomi-redmi-note-10s-6-128gb-chernyy
Сотовый телефон Xiaomi Poco X4 GT 5G 8/128GB голубой,26530 сом,/product/view/sotovyy-telefon-xiaomi-poco-x4-gt-5g-8-128gb-goluboy
Сотовый телефон Samsung A04e 3/64GB черный,9940 сом,/product/view/sotovyy-telefon-samsung-a04e-3-64gb-chernyy
Сотовый телефон Samsung A04e 3/64GB голубой,9940 сом,/product/view/sotovyy-telefon-samsung-a04e-3-64gb-goluboy
Сотовый телефон Samsung A04e 3/64GB медный,9940 сом,/product/view/sotovyy-telefon-samsung-a04e-3-64gb-mednyy
Сотовый телефон Xiaomi Poco M5 4/128GB желтый,13500 сом,/product/view/sotovyy-telefon-xiaomi-poco-m5-4-128gb-zheltyy
Сотовый телефон Xiaomi Poco M5 4/128GB зеленый,13500 сом,/product/view/sotovyy-telefon-xiaomi-poco-m5-4-128gb-zelenyy
Сотовый телефон Samsung A04e 3/32GB черный,9060 сом,/product/view/sotovyy-telefon-samsung-a04e-3-32gb-chernyy
Сотовый телефон Samsung Galaxy A04s 4/64GB черный,11660 сом,/product/view/sotovyy-telefon-samsung-galaxy-a04s-4-64gb-chernyy
Сотовый телефон Samsung Galaxy A04s 4/64GB белый,11660 сом,/product/view/sotovyy-telefon-samsung-galaxy-a04s-4-64gb-belyy
Сотовый телефон Samsung Galaxy A04s 4/64GB зеленый,11660 сом,/product/view/sotovyy-telefon-samsung-galaxy-a04s-4-64gb-zelenyy
Сотовый телефон Samsung Galaxy A04s 4/64GB медный,11660 сом,/product/view/sotovyy-telefon-samsung-galaxy-a04s-4-64gb-mednyy
Сотовый телефон Xiaomi Redmi Note 10S 6/64GB черный,"14230 сом
-2%

13950 сом",/product/view/sotovyy-telefon-xiaomi-redmi-note-10s-6-64gb-chernyy
Сотовый телефон Xiaomi Redmi Note 11S 5G 6/128GB черный,19800 сом,/product/view/sotovyy-telefon-xiaomi-redmi-note-11s-5g-6-128gb-chernyy
Сотовый телефон Samsung Galaxy A03 4/64GB черный,"11390 сом
-11%

10110 сом",/product/view/sotovyy-telefon-samsung-galaxy-a03-4-64gb-chernyy
Сотовый телефон Xiaomi Redmi 9A 2/32GB серый гранит,"7730 сом
-2%

7540 сом",/product/view/sotovyy-telefon-xiaomi-redmi-9a-2-32gb-seryy-granit
Сотовый телефон Xiaomi Poco M5 4/64GB черный,12330 сом,/product/view/sotovyy-telefon-xiaomi-poco-m5-4-64gb-chernyy
Сотовый телефон Xiaomi Redmi Note 10 Pro 6/128GB серый,18010 сом,/product/view/sotovyy-telefon-xiaomi-redmi-note-10-pro-6-128gb-seryy
Сотовый телефон Xiaomi 12 12/256GB серый,"50360 сом
-5%

47740 сом",/product/view/sotovyy-telefon-xiaomi-12-12-256gb-seryy
Сотовый телефон Xiaomi Redmi Note 11 Pro 4G 6/64GB серый,"18630 сом
-1%

18370 сом",/product/view/sotovyy-telefon-xiaomi-redmi-note-11-pro-4g-6-64gb-seryy
Сотовый телефон Xiaomi Redmi Note 10S 6/128GB черный,"15170 сом
-2%

14910 сом",/product/view/sotovyy-telefon-xiaomi-redmi-note-10s-6-128gb-chernyy
Сотовый телефон Xiaomi Poco X4 GT 5G 8/128GB голубой,26530 сом,/product/view/sotovyy-telefon-xiaomi-poco-x4-gt-5g-8-128gb-goluboy
Сотовый телефон Samsung A04e 3/64GB черный,9940 сом,/product/view/sotovyy-telefon-samsung-a04e-3-64gb-chernyy
Сотовый телефон Samsung A04e 3/64GB голубой,9940 сом,/product/view/sotovyy-telefon-samsung-a04e-3-64gb-goluboy
Сотовый телефон Samsung A04e 3/64GB медный,9940 сом,/product/view/sotovyy-telefon-samsung-a04e-3-64gb-mednyy
Сотовый телефон Xiaomi Poco M5 4/128GB желтый,13500 сом,/product/view/sotovyy-telefon-xiaomi-poco-m5-4-128gb-zheltyy
Сотовый телефон Xiaomi Poco M5 4/128GB зеленый,13500 сом,/product/view/sotovyy-telefon-xiaomi-poco-m5-4-128gb-zelenyy
Сотовый телефон Samsung A04e 3/32GB черный,9060 сом,/product/view/sotovyy-telefon-samsung-a04e-3-32gb-chernyy
Сотовый телефон Samsung Galaxy A04s 4/64GB черный,11660 сом,/product/view/sotovyy-telefon-samsung-galaxy-a04s-4-64gb-chernyy
Сотовый телефон Samsung Galaxy A04s 4/64GB белый,11660 сом,/product/view/sotovyy-telefon-samsung-galaxy-a04s-4-64gb-belyy
Сотовый телефон Samsung Galaxy A04s 4/64GB зеленый,11660 сом,/product/view/sotovyy-telefon-samsung-galaxy-a04s-4-64gb-zelenyy
Сотовый телефон Samsung Galaxy A04s 4/64GB медный,11660 сом,/product/view/sotovyy-telefon-samsung-galaxy-a04s-4-64gb-mednyy
Сотовый телефон Xiaomi Redmi Note 10S 6/64GB черный,"14230 сом
-2%

13950 сом",/product/view/sotovyy-telefon-xiaomi-redmi-note-10s-6-64gb-chernyy
Сотовый телефон Xiaomi Redmi Note 11S 5G 6/128GB черный,19800 сом,/product/view/sotovyy-telefon-xiaomi-redmi-note-11s-5g-6-128gb-chernyy
Сотовый телефон Samsung Galaxy A03 4/64GB черный,"11390 сом
-11%

10110 сом",/product/view/sotovyy-telefon-samsung-galaxy-a03-4-64gb-chernyy
Сотовый телефон Xiaomi Redmi 9A 2/32GB серый гранит,"7730 сом
-2%

7540 сом",/product/view/sotovyy-telefon-xiaomi-redmi-9a-2-32gb-seryy-granit
Сотовый телефон Xiaomi Poco M5 4/64GB черный,12330 сом,/product/view/sotovyy-telefon-xiaomi-poco-m5-4-64gb-chernyy
Сотовый телефон Xiaomi Redmi Note 10 Pro 6/128GB серый,18010 сом,/product/view/sotovyy-telefon-xiaomi-redmi-note-10-pro-6-128gb-seryy
Сотовый телефон Xiaomi 12 12/256GB серый,"50360 сом
-5%

47740 сом","[<div class=""listbox_img pull-left"">
<a href=""/product/view/sotovyy-telefon-xiaomi-12-12-256gb-seryy"" target=""_blank""><img alt=""Сотовый телефон Xiaomi 12 12/256GB серый"" src=""/images/product/105229/1649419306_24235400.jpg""/></a></div>]"
Сотовый телефон Xiaomi Redmi Note 11 Pro 4G 6/64GB серый,"18630 сом
-1%

18370 сом","[<div class=""listbox_img pull-left"">
<a href=""/product/view/sotovyy-telefon-xiaomi-redmi-note-11-pro-4g-6-64gb-seryy"" target=""_blank""><img alt=""Сотовый телефон Xiaomi Redmi Note 11 Pro 4G 6/64GB серый"" src=""/images/product/105234/1649421144_46769300.jpg""/></a></div>]"
Сотовый телефон Xiaomi Redmi Note 10S 6/128GB черный,"15170 сом
-2%

14910 сом","[<div class=""listbox_img pull-left"">
<a href=""/product/view/sotovyy-telefon-xiaomi-redmi-note-10s-6-128gb-chernyy"" target=""_blank""><img alt=""Сотовый телефон Xiaomi Redmi Note 10S 6/128GB черный"" src=""/images/product/93209/1622210076_99878100.jpg""/></a></div>]"
Сотовый телефон Xiaomi Poco X4 GT 5G 8/128GB голубой,26530 сом,"[<div class=""listbox_img pull-left"">
<a href=""/product/view/sotovyy-telefon-xiaomi-poco-x4-gt-5g-8-128gb-goluboy"" target=""_blank""><img alt=""Сотовый телефон Xiaomi Poco X4 GT 5G 8/128GB голубой"" src=""/images/product/114506/1669627205_22550400.jpg""/></a></div>]"
Сотовый телефон Samsung A04e 3/64GB черный,9940 сом,"[<div class=""listbox_img pull-left"">
<a href=""/product/view/sotovyy-telefon-samsung-a04e-3-64gb-chernyy"" target=""_blank""><img alt=""Сотовый телефон Samsung A04e 3/64GB черный"" src=""/images/product/115276/1671509712_46128700.jpg""/></a></div>]"
Сотовый телефон Samsung A04e 3/64GB голубой,9940 сом,"[<div class=""listbox_img pull-left"">
<a href=""/product/view/sotovyy-telefon-samsung-a04e-3-64gb-goluboy"" target=""_blank""><img alt=""Сотовый телефон Samsung A04e 3/64GB голубой"" src=""/images/product/115277/1671509715_27486800.jpg""/></a></div>]"
Сотовый телефон Samsung A04e 3/64GB медный,9940 сом,"[<div class=""listbox_img pull-left"">
<a href=""/product/view/sotovyy-telefon-samsung-a04e-3-64gb-mednyy"" target=""_blank""><img alt=""Сотовый телефон Samsung A04e 3/64GB медный"" src=""/images/product/115278/1671509720_02356400.jpg""/></a></div>]"
Сотовый телефон Xiaomi Poco M5 4/128GB желтый,13500 сом,"[<div class=""listbox_img pull-left"">
<a href=""/product/view/sotovyy-telefon-xiaomi-poco-m5-4-128gb-zheltyy"" target=""_blank""><img alt=""Сотовый телефон Xiaomi Poco M5 4/128GB желтый"" src=""/images/product/115279/1671510549_41357400.jpg""/></a></div>]"
Сотовый телефон Xiaomi Poco M5 4/128GB зеленый,13500 сом,"[<div class=""listbox_img pull-left"">
<a href=""/product/view/sotovyy-telefon-xiaomi-poco-m5-4-128gb-zelenyy"" target=""_blank""><img alt=""Сотовый телефон Xiaomi Poco M5 4/128GB зеленый"" src=""/images/product/115280/1671510552_67112300.jpg""/></a></div>]"
Сотовый телефон Samsung A04e 3/32GB черный,9060 сом,"[<div class=""listbox_img pull-left"">
<a href=""/product/view/sotovyy-telefon-samsung-a04e-3-32gb-chernyy"" target=""_blank""><img alt=""Сотовый телефон Samsung A04e 3/32GB черный"" src=""/images/product/115281/1671517415_62744800.jpg""/></a></div>]"
Сотовый телефон Samsung Galaxy A04s 4/64GB черный,11660 сом,"[<div class=""listbox_img pull-left"">
<a href=""/product/view/sotovyy-telefon-samsung-galaxy-a04s-4-64gb-chernyy"" target=""_blank""><img alt=""Сотовый телефон Samsung Galaxy A04s 4/64GB черный"" src=""/images/product/112987/1667078708_09449600.jpg""/></a></div>]"
Сотовый телефон Samsung Galaxy A04s 4/64GB белый,11660 сом,"[<div class=""listbox_img pull-left"">
<a href=""/product/view/sotovyy-telefon-samsung-galaxy-a04s-4-64gb-belyy"" target=""_blank""><img alt=""Сотовый телефон Samsung Galaxy A04s 4/64GB белый"" src=""/images/product/112988/1667078711_58657400.jpg""/></a></div>]"
Сотовый телефон Samsung Galaxy A04s 4/64GB зеленый,11660 сом,"[<div class=""listbox_img pull-left"">
<a href=""/product/view/sotovyy-telefon-samsung-galaxy-a04s-4-64gb-zelenyy"" target=""_blank""><img alt=""Сотовый телефон Samsung Galaxy A04s 4/64GB зеленый"" src=""/images/product/112989/1667078714_93759800.jpg""/></a></div>]"
Сотовый телефон Samsung Galaxy A04s 4/64GB медный,11660 сом,"[<div class=""listbox_img pull-left"">
<a href=""/product/view/sotovyy-telefon-samsung-galaxy-a04s-4-64gb-mednyy"" target=""_blank""><img alt=""Сотовый телефон Samsung Galaxy A04s 4/64GB медный"" src=""/images/product/112990/1667078719_97190500.jpg""/></a></div>]"
Сотовый телефон Xiaomi Redmi Note 10S 6/64GB черный,"14230 сом
-2%

13950 сом","[<div class=""listbox_img pull-left"">
<a href=""/product/view/sotovyy-telefon-xiaomi-redmi-note-10s-6-64gb-chernyy"" target=""_blank""><img alt=""Сотовый телефон Xiaomi Redmi Note 10S 6/64GB черный"" src=""/images/product/93290/1622501264_72553400.jpg""/></a></div>]"
Сотовый телефон Xiaomi Redmi Note 11S 5G 6/128GB черный,19800 сом,"[<div class=""listbox_img pull-left"">
<a href=""/product/view/sotovyy-telefon-xiaomi-redmi-note-11s-5g-6-128gb-chernyy"" target=""_blank""><img alt=""Сотовый телефон Xiaomi Redmi Note 11S 5G 6/128GB черный"" src=""/images/product/113772/1668356813_17959500.png""/></a></div>]"
Сотовый телефон Samsung Galaxy A03 4/64GB черный,"11390 сом
-11%

10110 сом","[<div class=""listbox_img pull-left"">
<a href=""/product/view/sotovyy-telefon-samsung-galaxy-a03-4-64gb-chernyy"" target=""_blank""><img alt=""Сотовый телефон Samsung Galaxy A03 4/64GB черный"" src=""/images/product/104319/1647473798_95365200.jpg""/></a></div>]"
Сотовый телефон Xiaomi Redmi 9A 2/32GB серый гранит,"7730 сом
-2%

7540 сом","[<div class=""listbox_img pull-left"">
<a href=""/product/view/sotovyy-telefon-xiaomi-redmi-9a-2-32gb-seryy-granit"" target=""_blank""><img alt=""Сотовый телефон Xiaomi Redmi 9A 2/32GB серый гранит"" src=""/images/product/81820/1595752437_69165100.jpg""/></a></div>]"
Сотовый телефон Xiaomi Poco M5 4/64GB черный,12330 сом,"[<div class=""listbox_img pull-left"">
<a href=""/product/view/sotovyy-telefon-xiaomi-poco-m5-4-64gb-chernyy"" target=""_blank""><img alt=""Сотовый телефон Xiaomi Poco M5 4/64GB черный"" src=""/images/product/113315/1667740770_40977600.jpg""/></a></div>]"
Сотовый телефон Xiaomi Redmi Note 10 Pro 6/128GB серый,18010 сом,"[<div class=""listbox_img pull-left"">
<a href=""/product/view/sotovyy-telefon-xiaomi-redmi-note-10-pro-6-128gb-seryy"" target=""_blank""><img alt=""Сотовый телефон Xiaomi Redmi Note 10 Pro 6/128GB серый"" src=""/images/product/91054/1667280142_09322500.jpg""/></a></div>]"
